"","e","n","p0","emp_mean","emp_sd","thm_sd","cov_prob"
"",NA,NA,NA,NA,NA,NA,NA
"mat_row","none","50","0.45","0.454900561446675","0.0476655811716267","0.0472004717941598","0.955"
"mat_row","none","100","0.45","0.452685955894937","0.0339522203076699","0.0333757736808548","0.945"
"mat_row","none","250","0.45","0.450517903338408","0.0205589491558414","0.0211086927003605","0.96"
"mat_row","none","500","0.45","0.450606243893235","0.0153844478226441","0.0149260997504079","0.934"
